0.45044928789138794,0.3269101083278656,-0.552416980266571,0.9999661445617676,0.5124887228012085,0.36828234791755676,-0.310444712638855,0.9999926090240479,0.41786128282546997,0.38429898023605347,-0.27517446875572205,0.9999481439590454,0.5433316826820374,0.44812124967575073,-0.265225887298584,0.996896505355835,0.40376394987106323,0.46925655007362366,-0.20809170603752136,0.9906798005104065,0.5508818030357361,0.532835841178894,-0.347481369972229,0.9807465672492981,0.4151530861854553,0.5499875545501709,-0.2766832709312439,0.9619109630584717,0.5029419660568237,0.5377093553543091,-0.012346086092293262,0.9999117851257324,0.45302826166152954,0.5447133183479309,0.012375912629067898,0.9994742274284363,0.505709707736969,0.6667106747627258,-0.15317676961421967,0.9933024644851685,0.4595269560813904,0.6740671992301941,0.06256931275129318,0.9823770523071289,0.5049659013748169,0.7922095656394958,0.011181078851222992,0.9954653382301331,0.47416335344314575,0.7747091054916382,0.30751094222068787,0.9765571355819702
0.4521499574184418,0.3315442204475403,-0.5623149275779724,0.9999661445617676,0.5124605298042297,0.3693148195743561,-0.3189343214035034,0.9999927282333374,0.4178193211555481,0.3867773413658142,-0.282744824886322,0.9999481439590454,0.5433778762817383,0.44935300946235657,-0.2718019187450409,0.9969141483306885,0.4051448404788971,0.4725912809371948,-0.2129533290863037,0.9901820421218872,0.5521777868270874,0.5373495221138,-0.35812827944755554,0.9811633825302124,0.41519179940223694,0.5550334453582764,-0.28622016310691833,0.9619338512420654,0.5032949447631836,0.5418249368667603,-0.012377399951219559,0.9999116659164429,0.45306849479675293,0.5491979122161865,0.01239980198442936,0.9994800090789795,0.5058674216270447,0.6678313612937927,-0.12461905181407928,0.9933255314826965,0.4584336280822754,0.6749133467674255,0.06267723441123962,0.9823668599128723,0.5050272941589355,0.7922096848487854,0.06550206243991852,0.9954134225845337,0.4740881323814392,0.7731065154075623,0.34188762307167053,0.9758753180503845
0.4521044194698334,0.3435719609260559,-0.5714094042778015,0.9999608397483826,0.5127383470535278,0.37492626905441284,-0.3441217839717865,0.9999924302101135,0.41807717084884644,0.3930274248123169,-0.28357627987861633,0.9999472498893738,0.5443757176399231,0.45929160714149475,-0.3081444203853607,0.9968783259391785,0.40616923570632935,0.4809594750404358,-0.21431437134742737,0.9895126223564148,0.5542582273483276,0.5492227077484131,-0.3837933838367462,0.9804931879043579,0.4151705205440521,0.5692671537399292,-0.2859143912792206,0.9617201685905457,0.503795325756073,0.5437108874320984,-0.02030613087117672,0.9999054670333862,0.4535202085971832,0.5508972406387329,0.02031426876783371,0.9994462728500366,0.5056725740432739,0.66779625415802,-0.13243170082569122,0.992954671382904,0.45791277289390564,0.6770836114883423,0.09717203676700592,0.9803526997566223,0.5053070783615112,0.7930518984794617,0.03168961778283119,0.9952449202537537,0.4741438925266266,0.773405909538269,0.354115754365921,0.9737115502357483
0.4523735046386719,0.35515838861465454,-0.6074234843254089,0.9999590516090393,0.5129164457321167,0.3825916647911072,-0.3671667277812958,0.9999925494194031,0.4186151623725891,0.400788813829422,-0.30501776933670044,0.9999482035636902,0.5465133190155029,0.46776625514030457,-0.3295826315879822,0.9969159960746765,0.4062274992465973,0.4903877377510071,-0.23780246078968048,0.989414393901825,0.5563581585884094,0.560069739818573,-0.40398940443992615,0.9800980687141418,0.41463422775268555,0.577717661857605,-0.3100995719432831,0.9624294638633728,0.5040553212165833,0.5464940667152405,-0.022286083549261093,0.9999057054519653,0.45364370942115784,0.5532137155532837,0.022305216640233994,0.9994328022003174,0.5051286220550537,0.6679181456565857,-0.1602439135313034,0.9925480484962463,0.4577091634273529,0.6779996156692505,0.10896559059619904,0.9778067469596863,0.5053106546401978,0.7932113409042358,-0.0032690134830772877,0.9951128363609314,0.4742405414581299,0.7729718685150146,0.37800437211990356,0.9711692333221436
0.4580668807029724,0.3865205943584442,-0.6565379500389099,0.999961256980896,0.5160036087036133,0.40953126549720764,-0.41135841608047485,0.999993085861206,0.42101559042930603,0.42242059111595154,-0.3375832140445709,0.9999514222145081,0.5513908863067627,0.49697691202163696,-0.3920252025127411,0.9970850348472595,0.41036272048950195,0.5106648206710815,-0.26462891697883606,0.9900952577590942,0.5591638088226318,0.5945004224777222,-0.4822801649570465,0.9809819459915161,0.4148107171058655,0.5980303287506104,-0.3366473913192749,0.965252161026001,0.5072680711746216,0.5540235638618469,-0.02747083082795143,0.9999093413352966,0.45542842149734497,0.5623732805252075,0.027600908651947975,0.9994325041770935,0.5044844150543213,0.669823408126831,-0.2727785110473633,0.9917690753936768,0.45525437593460083,0.6872434616088867,0.11819777637720108,0.9714359641075134,0.5052459836006165,0.800601065158844,-0.15310347080230713,0.9946390986442566,0.4746820032596588,0.7730339169502258,0.41401758790016174,0.9572871923446655
0.46377983689308167,0.4008933901786804,-0.6638966798782349,0.999963641166687,0.5180753469467163,0.42192697525024414,-0.4153989255428314,0.999993622303009,0.4227665960788727,0.43486487865448,-0.3481230139732361,0.9999538064002991,0.553866982460022,0.5132142305374146,-0.3977864384651184,0.9972420930862427,0.4136327803134918,0.5227620005607605,-0.28027430176734924,0.9906943440437317,0.5602628588676453,0.6100479960441589,-0.48658379912376404,0.9820446968078613,0.4154343008995056,0.6104466915130615,-0.3517121374607086,0.9677932262420654,0.509485125541687,0.5580605268478394,-0.02682952955365181,0.9999135732650757,0.45665279030799866,0.5665712952613831,0.0269819013774395,0.99942946434021,0.5040028095245361,0.6709539890289307,-0.29980477690696716,0.991377055644989,0.450726181268692,0.6903219223022461,0.10647889226675034,0.9675739407539368,0.50528484582901,0.8009191751480103,-0.1796053797006607,0.9944260120391846,0.47428980469703674,0.7732812762260437,0.394463449716568,0.9489342570304871
0.46827250719070435,0.4264969527721405,-0.652571976184845,0.9999662041664124,0.5217431783676147,0.4426160454750061,-0.405762255191803,0.9999940991401672,0.4257756173610687,0.4535782039165497,-0.34903469681739807,0.9999549984931946,0.5546615719795227,0.5337722301483154,-0.3853681981563568,0.9973256587982178,0.41769862174987793,0.5471421480178833,-0.2942598760128021,0.9909189939498901,0.5602504014968872,0.6350306868553162,-0.46123990416526794,0.9829038381576538,0.4224516749382019,0.6305475831031799,-0.36116915941238403,0.9693012833595276,0.5106849670410156,0.5644083023071289,-0.02547169104218483,0.999919056892395,0.4576259255409241,0.5734949707984924,0.0256185345351696,0.9994438886642456,0.5041420459747314,0.6696983575820923,-0.33817413449287415,0.9912464618682861,0.44790583848953247,0.68972247838974,0.029348859563469887,0.965178906917572,0.5055299401283264,0.8011696934700012,-0.22047798335552216,0.9944103360176086,0.47406572103500366,0.7737973928451538,0.28895118832588196,0.9473122954368591
0.4715518057346344,0.43988388776779175,-0.6330258250236511,0.9999687075614929,0.5240525603294373,0.4534311592578888,-0.3876477777957916,0.9999945163726807,0.4267128109931946,0.4592316746711731,-0.3414665162563324,0.9999580383300781,0.5544564723968506,0.5454773306846619,-0.37124210596084595,0.9972910284996033,0.41966381669044495,0.5557645559310913,-0.2937083840370178,0.9913314580917358,0.5602957010269165,0.6477256417274475,-0.4245721697807312,0.9833232164382935,0.428600013256073,0.639336347579956,-0.3661130964756012,0.9711610674858093,0.511569619178772,0.573330819606781,-0.020624084398150444,0.9999249577522278,0.45794424414634705,0.5823161602020264,0.020811323076486588,0.9994850158691406,0.5046322345733643,0.6654754877090454,-0.3499532639980316,0.9913805723190308,0.4450131952762604,0.6892361044883728,-0.11638106405735016,0.9667381048202515,0.505685567855835,0.8010717630386353,-0.18461258709430695,0.9943925738334656,0.4733063280582428,0.7735845446586609,0.14631621539592743,0.9494525194168091
0.47411027550697327,0.45061594247817993,-0.5808237195014954,0.9999706745147705,0.5268075466156006,0.4651023745536804,-0.3509952425956726,0.9999949336051941,0.4290877878665924,0.4676288068294525,-0.310261070728302,0.999960720539093,0.5542080998420715,0.5602862238883972,-0.3294074833393097,0.9972224235534668,0.42195820808410645,0.5636710524559021,-0.28675276041030884,0.9914081692695618,0.5603017807006836,0.6637771129608154,-0.39531877636909485,0.9831603169441223,0.4325343668460846,0.6456412076950073,-0.35176029801368713,0.9721251726150513,0.5122634768486023,0.5858972072601318,-0.02030007913708687,0.9999308586120605,0.45909151434898376,0.5968024134635925,0.020514119416475296,0.9995180368423462,0.5057848691940308,0.6552294492721558,-0.3978220522403717,0.9915337562561035,0.4442923069000244,0.6886753439903259,-0.07658883184194565,0.9661363363265991,0.5059399604797363,0.7978247404098511,-0.25471603870391846,0.994388997554779,0.47263890504837036,0.7717190384864807,0.17578467726707458,0.9492702484130859
0.47841548919677734,0.46090632677078247,-0.5920003652572632,0.9999716877937317,0.5289078950881958,0.4778253734111786,-0.3665211796760559,0.999995231628418,0.4315755367279053,0.47381430864334106,-0.3229765295982361,0.9999613165855408,0.5546609163284302,0.573070228099823,-0.3599824607372284,0.9969043135643005,0.42459994554519653,0.5679528713226318,-0.28244128823280334,0.9917286038398743,0.5600775480270386,0.6811519861221313,-0.44236502051353455,0.9797113537788391,0.4367000162601471,0.6454257369041443,-0.34751448035240173,0.9726642966270447,0.5125285387039185,0.5952998995780945,-0.022582106292247772,0.9999361038208008,0.4600420892238617,0.6055189371109009,0.022810224443674088,0.9995235800743103,0.5036347508430481,0.6574558615684509,-0.41001302003860474,0.9915257096290588,0.4411317706108093,0.6976298689842224,0.06790049374103546,0.9635596871376038,0.5064096450805664,0.7939813137054443,-0.27201032638549805,0.9944809675216675,0.47187596559524536,0.7675842046737671,0.40287619829177856,0.9425211548805237
0.48231595754623413,0.4704934358596802,-0.5967075824737549,0.999973714351654,0.5327802896499634,0.4912339150905609,-0.359086811542511,0.999995231628418,0.43333181738853455,0.4802781045436859,-0.3256949186325073,0.9999619126319885,0.554451584815979,0.586111307144165,-0.3345412611961365,0.9961097836494446,0.42907410860061646,0.5784017443656921,-0.2793554663658142,0.991878867149353,0.5592492818832397,0.6921709179878235,-0.4047141969203949,0.9757599830627441,0.4438624382019043,0.660460352897644,-0.3419486880302429,0.9729345440864563,0.5156904458999634,0.594620943069458,-0.01961321383714676,0.9999409914016724,0.46239227056503296,0.6020249724388123,0.019825253635644913,0.999556839466095,0.5085933804512024,0.6641014218330383,-0.3808864951133728,0.9912793636322021,0.4388716220855713,0.7037078142166138,-0.09195040911436081,0.9644960165023804,0.5063983201980591,0.7940337061882019,-0.20416927337646484,0.9942265152931213,0.47259560227394104,0.7676504254341125,0.20505496859550476,0.94251549243927
0.4879889488220215,0.477971613407135,-0.6428520679473877,0.9999746084213257,0.5351159572601318,0.5006780028343201,-0.39593881368637085,0.9999942779541016,0.4350588321685791,0.48651495575904846,-0.370266318321228,0.9999600052833557,0.5543262958526611,0.5956002473831177,-0.38746175169944763,0.9945014119148254,0.43095093965530396,0.5884798169136047,-0.3433423340320587,0.9922987818717957,0.5595181584358215,0.7118339538574219,-0.4698132574558258,0.9650523066520691,0.448294073343277,0.6703385710716248,-0.4062579274177551,0.9738911986351013,0.5168808698654175,0.6018723249435425,-0.02012564428150654,0.9999443888664246,0.46348071098327637,0.6095763444900513,0.02034604735672474,0.99956214427948,0.5103069543838501,0.6665182113647461,-0.4145485758781433,0.9912030100822449,0.43691903352737427,0.7118071913719177,0.030349519103765488,0.9637622237205505,0.5061259269714355,0.7940654754638672,-0.24894747138023376,0.9942255020141602,0.4726048409938812,0.7665224075317383,0.4016858637332916,0.935680627822876
0.49132275581359863,0.4879591166973114,-0.6760365962982178,0.9999748468399048,0.5379467010498047,0.5116408467292786,-0.414572149515152,0.9999929666519165,0.43575915694236755,0.49825817346572876,-0.398587167263031,0.9999568462371826,0.5540822744369507,0.6074153780937195,-0.4015076756477356,0.9927670359611511,0.43470126390457153,0.6056009531021118,-0.3765331506729126,0.9927501678466797,0.5594494938850403,0.7214881777763367,-0.4788288474082947,0.9546303153038025,0.4532444477081299,0.6867457628250122,-0.4375852942466736,0.975045382976532,0.516975462436676,0.6100856065750122,-0.020127996802330017,0.9999481439590454,0.46393364667892456,0.6159963607788086,0.020347241312265396,0.9995616674423218,0.5110028386116028,0.6697088479995728,-0.40727609395980835,0.9911908507347107,0.4369986653327942,0.7197179198265076,0.10832198709249496,0.9603350162506104,0.5053185820579529,0.7941046357154846,-0.25058478116989136,0.9942007660865784,0.4724869728088379,0.7665090560913086,0.5017614364624023,0.9225191473960876
0.4919716715812683,0.49752941727638245,-0.7263746857643127,0.9999760985374451,0.5393759608268738,0.5216902494430542,-0.44921594858169556,0.9999926090240479,0.43668070435523987,0.509415864944458,-0.43361765146255493,0.9999560117721558,0.5548714399337769,0.6195544004440308,-0.4489672780036926,0.9921220541000366,0.4380267560482025,0.6180797815322876,-0.42212119698524475,0.9932878613471985,0.5573357343673706,0.7259130477905273,-0.5299823880195618,0.950286328792572,0.45272430777549744,0.7099756002426147,-0.4947299361228943,0.9766145348548889,0.5169335603713989,0.615583598613739,-0.020443525165319443,0.9999526143074036,0.46356362104415894,0.6195581555366516,0.0207236185669899,0.9995707273483276,0.5089611411094666,0.6790225505828857,-0.4110942780971527,0.9912964701652527,0.43823614716529846,0.7292861342430115,0.1833687275648117,0.9493203163146973,0.5051251649856567,0.8013805747032166,-0.2752313017845154,0.9940991401672363,0.4724123477935791,0.7660056352615356,0.6139705181121826,0.8907236456871033
0.4925859868526459,0.5192556381225586,-0.7690969109535217,0.9999777674674988,0.5406741499900818,0.5370150208473206,-0.48035120964050293,0.9999916553497314,0.43993887305259705,0.5282834768295288,-0.47402915358543396,0.9999567866325378,0.5547696352005005,0.6352736949920654,-0.4831271767616272,0.9911866784095764,0.44214850664138794,0.6293395161628723,-0.47416073083877563,0.9938809275627136,0.5514857172966003,0.738606333732605,-0.5600308179855347,0.9442259669303894,0.4552013874053955,0.7282668352127075,-0.5473111271858215,0.9784236550331116,0.5163331031799316,0.6243280172348022,-0.01994105614721775,0.9999567270278931,0.46324247121810913,0.6304337978363037,0.020252590999007225,0.9995864033699036,0.509831964969635,0.6795737743377686,-0.41072291135787964,0.9909884333610535,0.45950159430503845,0.7363812923431396,0.15905603766441345,0.9423539638519287,0.49753937125205994,0.8019076585769653,-0.2560035288333893,0.9931088089942932,0.4719299376010895,0.7548243999481201,0.6276221871376038,0.8296263813972473
0.49473801255226135,0.5292330384254456,-0.7826460599899292,0.9999796748161316,0.5414872169494629,0.544060468673706,-0.48592787981033325,0.9999920725822449,0.44196733832359314,0.5402889251708984,-0.4860607087612152,0.9999581575393677,0.5549823045730591,0.640325665473938,-0.4932711124420166,0.9912574887275696,0.44457703828811646,0.6412323117256165,-0.4865745007991791,0.9944223165512085,0.5494852662086487,0.746052086353302,-0.5817740559577942,0.9443766474723816,0.4601157307624817,0.7389021515846252,-0.5687944293022156,0.9800551533699036,0.5156985521316528,0.6340693235397339,-0.01954301819205284,0.9999607801437378,0.4623550772666931,0.6401797533035278,0.01988837495446205,0.9996055960655212,0.5097349882125854,0.6779691576957703,-0.40595635771751404,0.9912001490592957,0.4583107531070709,0.7449765801429749,0.16607403755187988,0.9380037784576416,0.49821773171424866,0.8064704537391663,-0.2615380585193634,0.9928727746009827,0.4706173539161682,0.7544428706169128,0.639370322227478,0.7729185223579407
0.4960225522518158,0.5374259948730469,-0.7399537563323975,0.9999810457229614,0.5412648916244507,0.5544739961624146,-0.4563048481941223,0.9999916553497314,0.44163984060287476,0.5466281771659851,-0.46324673295021057,0.9999547004699707,0.5540293455123901,0.6515883803367615,-0.4570254683494568,0.9906138777732849,0.4478292465209961,0.6506404876708984,-0.46166563034057617,0.9948520064353943,0.544707715511322,0.7580181360244751,-0.5342243313789368,0.9380835294723511,0.45770683884620667,0.7517053484916687,-0.5336620807647705,0.9807998538017273,0.5152628421783447,0.6448523998260498,-0.01709463819861412,0.99996417760849,0.46162813901901245,0.6515466570854187,0.017436614260077477,0.9996089339256287,0.5095659494400024,0.6773436069488525,-0.3910060226917267,0.9909021258354187,0.4564743936061859,0.7536183595657349,0.1522754728794098,0.9304658770561218,0.4992191195487976,0.8091664910316467,-0.25749003887176514,0.9920519590377808,0.46950751543045044,0.756230354309082,0.6031282544136047,0.7118172645568848
0.4962303638458252,0.5467519760131836,-0.7309591174125671,0.9999805688858032,0.5418002009391785,0.5601658225059509,-0.45367932319641113,0.9999908208847046,0.441231906414032,0.5541749596595764,-0.4545799195766449,0.9999476671218872,0.5529276132583618,0.6571566462516785,-0.45672520995140076,0.9896599650382996,0.4487670958042145,0.6631914973258972,-0.44479241967201233,0.9951504468917847,0.5429098010063171,0.7672544121742249,-0.5323546528816223,0.9269023537635803,0.45863986015319824,0.7656136155128479,-0.5132399201393127,0.9806222915649414,0.5147683024406433,0.6500891447067261,-0.016265708953142166,0.9999670386314392,0.4611203074455261,0.6565066576004028,0.016577299684286118,0.9995997548103333,0.5096107721328735,0.6778877973556519,-0.38839292526245117,0.9910574555397034,0.44690507650375366,0.7725282311439514,0.13404105603694916,0.9286558032035828,0.4995785355567932,0.8094062209129333,-0.24529024958610535,0.9918574690818787,0.4693693220615387,0.7562563419342041,0.5842426419258118,0.6585404276847839
0.49775218963623047,0.5548774003982544,-0.7197129130363464,0.9999783635139465,0.542064905166626,0.5660349726676941,-0.44525718688964844,0.9999895095825195,0.4413745403289795,0.5624787211418152,-0.45360660552978516,0.9999361038208008,0.5501357316970825,0.6617756485939026,-0.4428110122680664,0.9875414967536926,0.4496857225894928,0.6740712523460388,-0.44406628608703613,0.9954065084457397,0.5382989645004272,0.7746081948280334,-0.508701503276825,0.9165416359901428,0.4619857668876648,0.7707630395889282,-0.5070708394050598,0.9806982278823853,0.5145288109779358,0.6566587686538696,-0.014537045732140541,0.9999695420265198,0.4610777497291565,0.6644080281257629,0.014852714724838734,0.9995748400688171,0.5100024342536926,0.6800457835197449,-0.3610488474369049,0.9906822443008423,0.4470941424369812,0.7711883187294006,0.1294344961643219,0.920609712600708,0.4997994303703308,0.8087353110313416,-0.2255285233259201,0.9911552667617798,0.46923255920410156,0.7473981380462646,0.5753921270370483,0.603699803352356
0.4962471127510071,0.5609613060951233,-0.6898564100265503,0.999976396560669,0.5426994562149048,0.5730627179145813,-0.422234445810318,0.999987006187439,0.44214552640914917,0.5678730607032776,-0.44052034616470337,0.9999271631240845,0.5497761964797974,0.6691960692405701,-0.4073340892791748,0.9856756329536438,0.4492281377315521,0.6779857277870178,-0.4285801351070404,0.9956586360931396,0.5367757678031921,0.7776577472686768,-0.4604145884513855,0.9097420573234558,0.4648243486881256,0.7733564376831055,-0.4923000931739807,0.9810472726821899,0.5146066546440125,0.6637131571769714,-0.010556748136878014,0.9999716877937317,0.4617632329463959,0.6694511771202087,0.010833099484443665,0.9995700716972351,0.5099730491638184,0.6990007162094116,-0.33137404918670654,0.990445077419281,0.44328251481056213,0.786117434501648,0.09654209017753601,0.9190211892127991,0.4998610019683838,0.8122698068618774,-0.19706863164901733,0.9900573492050171,0.4718448221683502,0.7494090795516968,0.5038686990737915,0.5583367347717285
0.4965958595275879,0.5664240121841431,-0.6918515563011169,0.9999759793281555,0.5420496463775635,0.5755379796028137,-0.4161102771759033,0.9999871253967285,0.4439317286014557,0.5775788426399231,-0.43741846084594727,0.9999099969863892,0.5490415692329407,0.6773210763931274,-0.3843631446361542,0.9846693873405457,0.45006775856018066,0.6852610111236572,-0.4234504699707031,0.9956509470939636,0.5362130403518677,0.7809951901435852,-0.42429548501968384,0.906441330909729,0.4644991457462311,0.7759749889373779,-0.4758945107460022,0.9796777367591858,0.5139448642730713,0.6694157123565674,-0.008583747781813145,0.9999738931655884,0.4617520272731781,0.6777095794677734,0.008860978297889233,0.9995805621147156,0.5085675716400146,0.6996031403541565,-0.31760159134864807,0.9899907112121582,0.4408215880393982,0.7971280217170715,0.02863718569278717,0.9188787937164307,0.5003154873847961,0.8059051632881165,-0.11734119802713394,0.9878287315368652,0.4710708260536194,0.7508790493011475,0.4674448072910309,0.514055073261261
0.49574071168899536,0.5700695514678955,-0.6577731966972351,0.9999743700027466,0.5422928929328918,0.5830538868904114,-0.39292100071907043,0.9999866485595703,0.44347676634788513,0.5805566310882568,-0.42470893263816833,0.9999070167541504,0.5484951138496399,0.6820095777511597,-0.35958439111709595,0.9835128784179688,0.45082855224609375,0.6879189014434814,-0.41092783212661743,0.995874285697937,0.5349785685539246,0.7854701280593872,-0.3996848464012146,0.9029698967933655,0.4700266718864441,0.7854098677635193,-0.4624727666378021,0.9798766374588013,0.5138939619064331,0.676782488822937,-0.006743295583873987,0.9999759197235107,0.461794912815094,0.6852551102638245,0.006951454095542431,0.9995988607406616,0.5085866451263428,0.6945762634277344,-0.30981653928756714,0.9899991750717163,0.43866243958473206,0.8039345145225525,0.037283651530742645,0.9202626943588257,0.5023085474967957,0.8102633357048035,-0.12732990086078644,0.9869614243507385,0.46763938665390015,0.7517252564430237,0.45730724930763245,0.4765479266643524
0.49672263860702515,0.5742475986480713,-0.6232980489730835,0.9999735355377197,0.5419599413871765,0.5850886106491089,-0.36262407898902893,0.999986469745636,0.44302064180374146,0.5864612460136414,-0.40872907638549805,0.9998981356620789,0.547980010509491,0.6852110028266907,-0.3306806981563568,0.982566237449646,0.4513736367225647,0.6962528824806213,-0.39532187581062317,0.9960665106773376,0.5339738130569458,0.7887774109840393,-0.37180811166763306,0.9023245573043823,0.4701877534389496,0.7912914752960205,-0.44357484579086304,0.9801870584487915,0.5119468569755554,0.6816198825836182,-0.0021136528812348843,0.9999778866767883,0.46106213331222534,0.6902034282684326,0.002308326307684183,0.9996172189712524,0.5094238519668579,0.6919021010398865,-0.2904612421989441,0.9897903203964233,0.43801265954971313,0.810067355632782,0.03701181337237358,0.919248104095459,0.5023561716079712,0.8097440004348755,-0.12788480520248413,0.9844878911972046,0.46500444412231445,0.75388503074646,0.44387513399124146,0.44012585282325745
0.4966306686401367,0.5815622806549072,-0.6109415292739868,0.9999635815620422,0.5409719944000244,0.5889113545417786,-0.3494475781917572,0.999981164932251,0.4427264630794525,0.5922292470932007,-0.3921436667442322,0.9998961091041565,0.5467174053192139,0.6844472885131836,-0.3068975508213043,0.9749717116355896,0.45167025923728943,0.7037918567657471,-0.37568673491477966,0.9962478280067444,0.533017635345459,0.7841514945030212,-0.3440597653388977,0.870594322681427,0.47818246483802795,0.7999000549316406,-0.4291030466556549,0.9802590012550354,0.5102153420448303,0.6943119764328003,-0.0005270452238619328,0.999979555606842,0.46042150259017944,0.7048836350440979,0.0007346654310822487,0.9996427297592163,0.5117926597595215,0.695391833782196,-0.30913951992988586,0.9896856546401978,0.43254461884498596,0.8170983195304871,-0.014899286441504955,0.9219269156455994,0.5032503008842468,0.809611976146698,-0.11205935478210449,0.9815883040428162,0.46310901641845703,0.7638370394706726,0.40726932883262634,0.40951719880104065
0.49393194913864136,0.5852450728416443,-0.5797750353813171,0.9999378323554993,0.5395691394805908,0.5912309885025024,-0.3349273204803467,0.9999698400497437,0.441714346408844,0.5934219360351562,-0.36014729738235474,0.9998958110809326,0.5437636375427246,0.6839662790298462,-0.2984332740306854,0.9622174501419067,0.45105481147766113,0.7018248438835144,-0.3366185426712036,0.9963876008987427,0.5244157910346985,0.7840721011161804,-0.34145769476890564,0.8256888389587402,0.4757617115974426,0.7997050881385803,-0.38851863145828247,0.9801506996154785,0.5090233087539673,0.6972319483757019,-0.0018707618582993746,0.9999809861183167,0.4598415791988373,0.705964982509613,0.002052724128589034,0.9996599555015564,0.5116864442825317,0.6963371634483337,-0.2997320294380188,0.9893697500228882,0.43262290954589844,0.8196275234222412,0.015354389324784279,0.920586884021759,0.5040244460105896,0.8100624084472656,-0.13538393378257751,0.9795058369636536,0.4636562764644623,0.7614983916282654,0.4062536358833313,0.3787396252155304
0.49356523156166077,0.5886068940162659,-0.6110039949417114,0.9999265074729919,0.5386339426040649,0.5936299562454224,-0.3656550347805023,0.9999674558639526,0.4413394033908844,0.596366286277771,-0.37112870812416077,0.9998899698257446,0.5432042479515076,0.6914385557174683,-0.3385161757469177,0.9587370157241821,0.45088285207748413,0.7015694975852966,-0.36527854204177856,0.9962193965911865,0.5249878764152527,0.7865874171257019,-0.3882601857185364,0.8106326460838318,0.4730266034603119,0.7975204586982727,-0.4218789041042328,0.9786279201507568,0.5082715153694153,0.6962032914161682,-0.0004935848992317915,0.9999822378158569,0.45917659997940063,0.7046674489974976,0.0006940037710592151,0.9996777772903442,0.5077057480812073,0.71782386302948,-0.2670465409755707,0.988350510597229,0.43254008889198303,0.8206160664558411,-0.009606728330254555,0.9200307726860046,0.5027242302894592,0.8097864985466003,-0.05135653540492058,0.9735634326934814,0.46176862716674805,0.7611648440361023,0.41308802366256714,0.3492167890071869
0.4902114272117615,0.5889950394630432,-0.655173122882843,0.9999184012413025,0.5368367433547974,0.5922902226448059,-0.38327449560165405,0.9999659657478333,0.44068294763565063,0.5965584516525269,-0.38353508710861206,0.9998873472213745,0.543167769908905,0.6957700252532959,-0.35113078355789185,0.9567168354988098,0.4495096802711487,0.7039086222648621,-0.3752279281616211,0.9960074424743652,0.5254797339439392,0.7870994806289673,-0.3929007351398468,0.7952033281326294,0.47159361839294434,0.7980409860610962,-0.4327981472015381,0.9766153693199158,0.5072739720344543,0.6964032053947449,-0.0014047907898202538,0.9999833106994629,0.4580048620700836,0.7038495540618896,0.0016203724080696702,0.9996936321258545,0.5028514862060547,0.7251094579696655,-0.27539804577827454,0.9873515963554382,0.43292397260665894,0.8227459192276001,-0.018544618040323257,0.9207299947738647,0.5027295351028442,0.8118056058883667,-0.06148035079240799,0.9693833589553833,0.46385931968688965,0.7624228000640869,0.40854644775390625,0.32381102442741394
0.48849526047706604,0.5885962843894958,-0.6091927289962769,0.9999182224273682,0.5363247394561768,0.594867467880249,-0.3588104546070099,0.9999663233757019,0.439526230096817,0.5977787375450134,-0.3680365979671478,0.9998780488967896,0.5418931841850281,0.696678876876831,-0.32679876685142517,0.9566816091537476,0.4483923017978668,0.7048361301422119,-0.3415052592754364,0.9956475496292114,0.5218685865402222,0.7908710241317749,-0.36655721068382263,0.7935635447502136,0.47136521339416504,0.7967947721481323,-0.3923596739768982,0.9736764430999756,0.5075585842132568,0.6951566338539124,-0.0016773969400674105,0.9999842643737793,0.45796647667884827,0.7064111828804016,0.0018560804892331362,0.999705970287323,0.5030340552330017,0.7160512208938599,-0.2726178467273712,0.9862858057022095,0.4337993562221527,0.8261222839355469,-0.016772331669926643,0.9200817346572876,0.5013400316238403,0.8114259243011475,-0.07975807040929794,0.9650985598564148,0.466209352016449,0.7652778029441833,0.3810355067253113,0.301530659198761
0.4855549931526184,0.5862200260162354,-0.6189537048339844,0.9999178051948547,0.5353434681892395,0.5962910056114197,-0.37802112102508545,0.9999668598175049,0.438861608505249,0.6002548933029175,-0.3834938108921051,0.9998707175254822,0.5407353043556213,0.696070671081543,-0.36396124958992004,0.957298755645752,0.44826483726501465,0.7081020474433899,-0.3550333082675934,0.9954631924629211,0.5179425477981567,0.7909381985664368,-0.4200100898742676,0.7980594635009766,0.4708155691623688,0.7994965314865112,-0.393144428730011,0.9725830554962158,0.5075480937957764,0.7012854814529419,-0.003441362176090479,0.9999850988388062,0.45801347494125366,0.7086304426193237,0.00358634814620018,0.9997146129608154,0.5036625266075134,0.7113909125328064,-0.28644680976867676,0.9850713014602661,0.43336600065231323,0.8263874650001526,-0.023918580263853073,0.9190929532051086,0.5016416907310486,0.812199592590332,-0.07723810523748398,0.9618125557899475,0.46726951003074646,0.767022430896759,0.3976448178291321,0.2818243205547333
0.48518815636634827,0.5875245332717896,-0.6970443725585938,0.9999234080314636,0.535427451133728,0.5953908562660217,-0.41764894127845764,0.9999693036079407,0.4388507306575775,0.5990905165672302,-0.41657811403274536,0.999874472618103,0.5404072403907776,0.6973965167999268,-0.4005802273750305,0.9591298699378967,0.44818153977394104,0.705825924873352,-0.39273732900619507,0.9953548312187195,0.5170921087265015,0.7919520735740662,-0.4641364514827728,0.8083423972129822,0.4712420105934143,0.796636700630188,-0.46467623114585876,0.9721173644065857,0.5076258778572083,0.7001400589942932,-0.0062568276189267635,0.9999859929084778,0.45802322030067444,0.7063063383102417,0.006441907025873661,0.9997275471687317,0.5038185715675354,0.7088969945907593,-0.29177984595298767,0.9838080406188965,0.4336259365081787,0.8251269459724426,-0.033535849303007126,0.9176901578903198,0.5016709566116333,0.8119913935661316,-0.05193343758583069,0.9577360153198242,0.4650365710258484,0.7692415118217468,0.41185808181762695,0.26092442870140076
0.4845711290836334,0.5867414474487305,-0.6808725595474243,0.9999288320541382,0.5353406071662903,0.5948209762573242,-0.40507999062538147,0.9999716877937317,0.4388290345668793,0.598415195941925,-0.4152889847755432,0.9998759031295776,0.5408446192741394,0.697723388671875,-0.3834168314933777,0.9611475467681885,0.44821682572364807,0.7049083709716797,-0.38547974824905396,0.9953279495239258,0.5195770859718323,0.7934889197349548,-0.43966150283813477,0.8201195597648621,0.4710966646671295,0.7987025380134583,-0.4572771489620209,0.9719611406326294,0.5076974034309387,0.6990044116973877,-0.006267373450100422,0.9999869465827942,0.4580553472042084,0.7057336568832397,0.006453505717217922,0.9997349381446838,0.5041175484657288,0.707603394985199,-0.3114798665046692,0.983165979385376,0.4339234232902527,0.8250213265419006,-0.012910339049994946,0.9162105321884155,0.5013515949249268,0.8144333958625793,-0.06035526841878891,0.955643892288208,0.4619561731815338,0.7718222141265869,0.44414910674095154,0.24233874678611755
0.4831354022026062,0.5860581994056702,-0.6834264397621155,0.9999336004257202,0.5353270173072815,0.593701958656311,-0.4018479287624359,0.9999732971191406,0.43879079818725586,0.5981099009513855,-0.41369205713272095,0.9998806715011597,0.5409563779830933,0.6961597800254822,-0.37790659070014954,0.9622061252593994,0.4485331177711487,0.7042893171310425,-0.38081976771354675,0.9953073859214783,0.5197044014930725,0.7927972674369812,-0.4335433840751648,0.8267675638198853,0.4716029167175293,0.7984758019447327,-0.45236366987228394,0.9723449349403381,0.5080936551094055,0.6992351412773132,-0.006592386402189732,0.9999876618385315,0.45819443464279175,0.7101889848709106,0.006781712174415588,0.999747633934021,0.5044826865196228,0.7068260908126831,-0.31046074628829956,0.9819879531860352,0.43409591913223267,0.8258115649223328,-0.025914063677191734,0.9140830039978027,0.5020076632499695,0.8140520453453064,-0.06927729398012161,0.9511051177978516,0.4623912274837494,0.7726144790649414,0.4207172989845276,0.22540538012981415
0.4834614396095276,0.5867496132850647,-0.6719268560409546,0.9999373555183411,0.5350717902183533,0.5926998257637024,-0.39983224868774414,0.9999750852584839,0.43889379501342773,0.597180187702179,-0.3833715617656708,0.9998810887336731,0.5410686135292053,0.6953300833702087,-0.37737563252449036,0.9628947973251343,0.4478767514228821,0.7037667036056519,-0.3471371531486511,0.9948772192001343,0.5208321213722229,0.7944597005844116,-0.43638116121292114,0.8297615647315979,0.4715251922607422,0.7981504201889038,-0.4121633470058441,0.9704346060752869,0.5085389614105225,0.7018547654151917,-0.014971280470490456,0.9999881982803345,0.4593879282474518,0.7109404802322388,0.01513952761888504,0.9997482895851135,0.5048075318336487,0.7014064192771912,-0.33312538266181946,0.9824697375297546,0.4341711103916168,0.8253454566001892,-0.015330749563872814,0.9154174327850342,0.5069942474365234,0.8137803673744202,-0.13156765699386597,0.9534516334533691,0.47232604026794434,0.771623969078064,0.41653376817703247,0.21738708019256592
0.4838482439517975,0.5862258672714233,-0.6701437830924988,0.9999387264251709,0.5340967178344727,0.591953694820404,-0.4021941125392914,0.9999765157699585,0.43907254934310913,0.5987300276756287,-0.3936958312988281,0.9998776912689209,0.5413797497749329,0.6950057148933411,-0.3859628140926361,0.9642419815063477,0.44821053743362427,0.7058892846107483,-0.36000967025756836,0.9948245882987976,0.5209957957267761,0.7939022183418274,-0.45387792587280273,0.837073028087616,0.47296810150146484,0.7990569472312927,-0.42340150475502014,0.9704383015632629,0.5087386965751648,0.7008344531059265,-0.013609910383820534,0.9999887347221375,0.4594162106513977,0.7099112868309021,0.013790731318295002,0.99974524974823,0.5050336122512817,0.710237443447113,-0.34022343158721924,0.9828627705574036,0.4339531362056732,0.8245071768760681,0.003397057531401515,0.9150676727294922,0.5073806643486023,0.8148533701896667,-0.14739066362380981,0.9556493759155273,0.47137293219566345,0.7711098790168762,0.44750624895095825,0.20793242752552032
0.485349178314209,0.5853370428085327,-0.6430798172950745,0.9999411106109619,0.5341711044311523,0.5920782089233398,-0.38289663195610046,0.9999776482582092,0.43952828645706177,0.599432110786438,-0.3751639723777771,0.999868631362915,0.541515588760376,0.6968586444854736,-0.355671226978302,0.9653856754302979,0.44845181703567505,0.7051810622215271,-0.3383317291736603,0.9944261312484741,0.522932767868042,0.7940609455108643,-0.4060874581336975,0.8428733348846436,0.47235316038131714,0.7978885769844055,-0.39331427216529846,0.9692710041999817,0.5094152092933655,0.7005425691604614,-0.014010407030582428,0.9999890923500061,0.4599599838256836,0.7089471220970154,0.014170659705996513,0.9997434616088867,0.505082905292511,0.7124900817871094,-0.3284075856208801,0.9828274250030518,0.4340474009513855,0.8248510360717773,0.0038184206932783127,0.9144735932350159,0.5082274675369263,0.8119691014289856,-0.132779061794281,0.9565256237983704,0.4708361029624939,0.7708550691604614,0.44269150495529175,0.19827525317668915
0.48561224341392517,0.5852342844009399,-0.6663837432861328,0.9999406933784485,0.5344333052635193,0.5928328633308411,-0.3950783610343933,0.9999758005142212,0.43961915373802185,0.5991060733795166,-0.38344693183898926,0.9998636245727539,0.5414975881576538,0.6972388029098511,-0.3656136393547058,0.9634062647819519,0.44872623682022095,0.7057173252105713,-0.3519403636455536,0.9942149519920349,0.5231246948242188,0.7949551343917847,-0.4092341959476471,0.8338282108306885,0.4720402657985687,0.8010779619216919,-0.4117777347564697,0.9675639867782593,0.5104869604110718,0.6996628046035767,-0.013521125540137291,0.9999890923500061,0.460376501083374,0.7098356485366821,0.013691194355487823,0.9997442960739136,0.5055684447288513,0.7111853957176208,-0.3074565827846527,0.9821972846984863,0.4334228038787842,0.8253363370895386,-0.024086633697152138,0.9156156182289124,0.5078219771385193,0.8147411346435547,-0.09452777355909348,0.9550791382789612,0.47129353880882263,0.7699930667877197,0.4100133776664734,0.18860603868961334
0.4860139787197113,0.585227906703949,-0.6657329201698303,0.999942421913147,0.5360780954360962,0.5944216251373291,-0.3960188925266266,0.9999762773513794,0.4402521252632141,0.5984375476837158,-0.39203062653541565,0.9998669028282166,0.5410786867141724,0.7009552121162415,-0.36810970306396484,0.9640350937843323,0.44869914650917053,0.7053457498550415,-0.3628377318382263,0.9943107962608337,0.5190540552139282,0.7967007160186768,-0.41317781805992126,0.8407764434814453,0.4716830849647522,0.8011986613273621,-0.4218272268772125,0.9684398174285889,0.5108064413070679,0.700762152671814,-0.01040000468492508,0.9999895095825195,0.4604533314704895,0.7089419960975647,0.010559113696217537,0.9997546076774597,0.5058506727218628,0.7103020548820496,-0.27817150950431824,0.9795642495155334,0.4334452748298645,0.8251599073410034,-0.028178099542856216,0.9114674925804138,0.505541205406189,0.815154492855072,-0.04710161313414574,0.9467790722846985,0.46745163202285767,0.7698701620101929,0.4093199670314789,0.1761876344680786
0.48673558235168457,0.5850954055786133,-0.6753320097923279,0.9999418258666992,0.5362644195556641,0.5941967368125916,-0.40328678488731384,0.9999759793281555,0.440443754196167,0.5980001091957092,-0.4025651812553406,0.9998642802238464,0.5413668751716614,0.7002450227737427,-0.3780634105205536,0.9645412564277649,0.4486314356327057,0.7049639225006104,-0.3725946545600891,0.9941813945770264,0.5190399885177612,0.7963048219680786,-0.41990455985069275,0.8440555334091187,0.4714835584163666,0.8004748821258545,-0.4294089674949646,0.9686329960823059,0.5108833909034729,0.6980191469192505,-0.009043782949447632,0.9999896883964539,0.4604300558567047,0.7049955725669861,0.009200857020914555,0.999761164188385,0.5058263540267944,0.7137695550918579,-0.2575437128543854,0.9775328040122986,0.4335063397884369,0.8250753283500671,-0.0342152938246727,0.9089033603668213,0.5055209398269653,0.8121127486228943,-0.014466410502791405,0.9391023516654968,0.4674603343009949,0.7691757082939148,0.40050286054611206,0.16568978130817413
0.4868282675743103,0.5830113887786865,-0.620667576789856,0.999944269657135,0.5362205505371094,0.5927621722221375,-0.3663843274116516,0.9999768137931824,0.4415033757686615,0.5943066477775574,-0.35771846771240234,0.9998525977134705,0.5381876230239868,0.6994977593421936,-0.3320690393447876,0.9655414819717407,0.4473818838596344,0.6969559192657471,-0.31832683086395264,0.9933310747146606,0.5197930335998535,0.7969331741333008,-0.35903695225715637,0.8493010997772217,0.4690505862236023,0.7954356670379639,-0.3636772632598877,0.9667679667472839,0.5107887983322144,0.695185661315918,-0.00922782626003027,0.9999900460243225,0.4603603482246399,0.6973709464073181,0.00937705673277378,0.9997698068618774,0.5006827116012573,0.732019305229187,-0.2484842836856842,0.9752996563911438,0.4342121481895447,0.8244014978408813,-0.04329966753721237,0.9069127440452576,0.5032092928886414,0.8058808445930481,-0.01378535758703947,0.9306149482727051,0.4701899588108063,0.7693818807601929,0.3544529378414154,0.15863066911697388
0.4869639277458191,0.5779333710670471,-0.6529161930084229,0.9999491572380066,0.5362145304679871,0.5902336835861206,-0.381082683801651,0.9999786019325256,0.44150057435035706,0.5899140238761902,-0.3740026354789734,0.9998587369918823,0.5382235050201416,0.6989828944206238,-0.33747538924217224,0.9676403403282166,0.44637903571128845,0.6933918595314026,-0.3350653648376465,0.9930899739265442,0.5202597975730896,0.7975590229034424,-0.38892075419425964,0.8583060503005981,0.46758514642715454,0.7921314835548401,-0.3785901367664337,0.9668881297111511,0.5107095241546631,0.6875654458999634,-0.012248609215021133,0.9999906420707703,0.4603561460971832,0.6938788890838623,0.012418799102306366,0.9997860193252563,0.49744170904159546,0.7407170534133911,-0.2429007589817047,0.9730464816093445,0.4341309070587158,0.8214330077171326,-0.056242503225803375,0.9059016108512878,0.499805212020874,0.7975661158561707,0.05066751688718796,0.9173794388771057,0.46072858572006226,0.7738169431686401,0.366523802280426,0.15179425477981567
0.48967090249061584,0.571891188621521,-0.6596311330795288,0.999950110912323,0.5361141562461853,0.5844165086746216,-0.3828275799751282,0.9999796748161316,0.4414275288581848,0.5881085991859436,-0.38410237431526184,0.9998526573181152,0.5407313704490662,0.6953582167625427,-0.33967581391334534,0.9692178964614868,0.4462951123714447,0.6923990845680237,-0.3518560528755188,0.9931628108024597,0.5262279510498047,0.7954443097114563,-0.3894837200641632,0.864884078502655,0.46485695242881775,0.7878842949867249,-0.4151366651058197,0.9671487212181091,0.5104476809501648,0.6855984926223755,-0.012183871120214462,0.999990701675415,0.4603349268436432,0.6904312372207642,0.012360887601971626,0.9997766613960266,0.49788898229599,0.7137342691421509,-0.2761828303337097,0.9735468029975891,0.4344201683998108,0.8161998391151428,-0.01305738277733326,0.9064161777496338,0.4998546540737152,0.8002757430076599,-0.021048162132501602,0.9197083115577698,0.4621269106864929,0.7732075452804565,0.41407203674316406,0.14773452281951904
0.49058660864830017,0.5648309588432312,-0.6373745203018188,0.9999457001686096,0.5354081392288208,0.5749240517616272,-0.36370569467544556,0.9999768733978271,0.4414120614528656,0.5810499787330627,-0.3615002930164337,0.9998427033424377,0.5414819717407227,0.6782156825065613,-0.3187827467918396,0.9668668508529663,0.44575315713882446,0.6762200593948364,-0.31686487793922424,0.9931100606918335,0.5299778580665588,0.7877883315086365,-0.3518278896808624,0.8415738344192505,0.45935097336769104,0.7738367915153503,-0.36712437868118286,0.9657562375068665,0.5100277662277222,0.6771198511123657,-0.012220355682075024,0.9999900460243225,0.460029274225235,0.6818650364875793,0.012375927530229092,0.9997466206550598,0.4966374933719635,0.7128860354423523,-0.3297060430049896,0.9750745296478271,0.43697062134742737,0.8074905276298523,-0.008736926130950451,0.9093124866485596,0.5002185702323914,0.8015895485877991,-0.1348811239004135,0.925029993057251,0.4669798016548157,0.7669540643692017,0.4085570275783539,0.14932148158550262
0.4904785752296448,0.5580677390098572,-0.683985710144043,0.9999423027038574,0.5354833602905273,0.5697311162948608,-0.41491013765335083,0.9999771118164062,0.44104963541030884,0.5709083080291748,-0.4038744866847992,0.999846339225769,0.5417049527168274,0.6759186387062073,-0.39666134119033813,0.9679208993911743,0.4442874789237976,0.6684398055076599,-0.3588050603866577,0.9934610724449158,0.5345620512962341,0.7840654850006104,-0.45838332176208496,0.839451014995575,0.4481965899467468,0.7660857439041138,-0.4140607416629791,0.9669354557991028,0.5100431442260742,0.6681574583053589,-0.013375373557209969,0.9999897480010986,0.46012967824935913,0.6723125576972961,0.013547420501708984,0.9997280836105347,0.4978766441345215,0.7129630446434021,-0.34140488505363464,0.9765561819076538,0.44195613265037537,0.7984269857406616,0.03845687210559845,0.9110672473907471,0.5006360411643982,0.8081542253494263,-0.12948228418827057,0.9308455586433411,0.46531447768211365,0.7686203718185425,0.48777779936790466,0.15354497730731964
0.4908043444156647,0.5499828457832336,-0.7289189100265503,0.9999418258666992,0.5357962250709534,0.5609563589096069,-0.4518330693244934,0.9999784231185913,0.4406946301460266,0.5610722303390503,-0.445021390914917,0.9998525977134705,0.5422567129135132,0.6629228591918945,-0.4464799761772156,0.9697381258010864,0.44351282715797424,0.6597843766212463,-0.41663438081741333,0.9939098954200745,0.5369037389755249,0.7779134511947632,-0.5194183588027954,0.8477103114128113,0.4476139545440674,0.7581126689910889,-0.48138228058815,0.9691962599754333,0.5100457072257996,0.6616310477256775,-0.013320304453372955,0.9999899864196777,0.4600403308868408,0.6650176644325256,0.013500283472239971,0.999713659286499,0.5005207657814026,0.7124547362327576,-0.32890281081199646,0.977506697177887,0.4436858594417572,0.7885423898696899,0.06051866337656975,0.9125721454620361,0.4999776780605316,0.8081246614456177,-0.10048151016235352,0.9363397359848022,0.46487516164779663,0.7640166878700256,0.5276021361351013,0.16353259980678558
0.49039387702941895,0.5377172827720642,-0.6871402263641357,0.9999363422393799,0.5353428721427917,0.5471236109733582,-0.42373329401016235,0.9999794960021973,0.44056740403175354,0.5496231317520142,-0.42814120650291443,0.999862551689148,0.5439409613609314,0.6398288011550903,-0.40784400701522827,0.9707742929458618,0.44300752878189087,0.6420274972915649,-0.4022197127342224,0.9943022131919861,0.5396060943603516,0.7525284290313721,-0.46697917580604553,0.8465419411659241,0.450765997171402,0.7395848035812378,-0.4674784541130066,0.9706007838249207,0.5096845626831055,0.650966227054596,-0.014992046169936657,0.999989926815033,0.45859941840171814,0.6539562344551086,0.015202763490378857,0.999683141708374,0.505824625492096,0.6999025940895081,-0.34246185421943665,0.9769149422645569,0.450892835855484,0.7511804699897766,0.12857022881507874,0.898339569568634,0.5004974603652954,0.8089841604232788,-0.19692330062389374,0.9403195977210999,0.4557097852230072,0.7555347681045532,0.566058337688446,0.1585080474615097
0.49084216356277466,0.5259768962860107,-0.7741068601608276,0.9999411106109619,0.5349854826927185,0.5395674109458923,-0.4916508197784424,0.9999812245368958,0.44029611349105835,0.5432432293891907,-0.48100581765174866,0.9998719692230225,0.545126736164093,0.6429887413978577,-0.5041411519050598,0.9729409217834473,0.4416666626930237,0.6392734050750732,-0.478059858083725,0.994727611541748,0.5425896048545837,0.7501182556152344,-0.5830355882644653,0.8583835363388062,0.44431018829345703,0.7415445446968079,-0.5557613968849182,0.9731422662734985,0.5096777677536011,0.6428388357162476,-0.023015126585960388,0.9999895691871643,0.45917049050331116,0.6442638039588928,0.023234015330672264,0.9996398687362671,0.5058228373527527,0.7030075788497925,-0.33634233474731445,0.9777442812919617,0.4631826877593994,0.7351036071777344,0.1899230182170868,0.8803377747535706,0.49850302934646606,0.8089237809181213,-0.11444573104381561,0.9455231428146362,0.4618801474571228,0.7635787129402161,0.6551266312599182,0.18830455839633942
0.4901741147041321,0.5185496807098389,-0.8046538233757019,0.9999448657035828,0.5354222059249878,0.5301480889320374,-0.5172998309135437,0.9999827742576599,0.4400528073310852,0.5328725576400757,-0.5013902187347412,0.9998825192451477,0.5461598634719849,0.634108304977417,-0.5280856490135193,0.9745509624481201,0.44198280572891235,0.6352630853652954,-0.5018996000289917,0.995111882686615,0.5445696711540222,0.7416638731956482,-0.6066588163375854,0.8675988912582397,0.44330406188964844,0.7385070323944092,-0.5851520299911499,0.9755427837371826,0.5099755525588989,0.6362876892089844,-0.02726951614022255,0.9999886751174927,0.4598625600337982,0.636766791343689,0.027486726641654968,0.9996019601821899,0.5031542778015137,0.7045308351516724,-0.2454325407743454,0.9779725670814514,0.46544545888900757,0.7321957945823669,0.24807317554950714,0.8637711405754089,0.49584418535232544,0.8089352250099182,-0.009069368243217468,0.9502003192901611,0.4625851511955261,0.771075427532196,0.7102937698364258,0.23059336841106415
0.49087756872177124,0.5042417645454407,-0.769018828868866,0.9999483227729797,0.5359323620796204,0.519415020942688,-0.48587924242019653,0.9999843239784241,0.4396809935569763,0.5273552536964417,-0.46838706731796265,0.9998894333839417,0.5477031469345093,0.6255021691322327,-0.490074098110199,0.9765334725379944,0.43908247351646423,0.6301278471946716,-0.4601413309574127,0.995427131652832,0.5491243004798889,0.7278652191162109,-0.5651344656944275,0.8791961073875427,0.44239822030067444,0.7268587350845337,-0.5391680002212524,0.9776726961135864,0.5126215815544128,0.6322675943374634,-0.02640850469470024,0.9999890327453613,0.46159714460372925,0.6350196599960327,0.026621833443641663,0.9995903968811035,0.5019325017929077,0.6906811594963074,-0.3007672131061554,0.9796136021614075,0.4641389846801758,0.7303310036659241,0.21832160651683807,0.8627581000328064,0.4950491487979889,0.8086224794387817,-0.0911560207605362,0.9549095034599304,0.46596503257751465,0.7706772089004517,0.6662349104881287,0.28332164883613586
0.4908250868320465,0.4896453320980072,-0.7378961443901062,0.9999520182609558,0.5360145568847656,0.5094763040542603,-0.46307116746902466,0.9999856352806091,0.43886178731918335,0.5148626565933228,-0.4568232595920563,0.999896764755249,0.548238217830658,0.6141381859779358,-0.46786588430404663,0.9782520532608032,0.43712449073791504,0.6194923520088196,-0.43084773421287537,0.995669424533844,0.5510450601577759,0.719623327255249,-0.5491212606430054,0.8867823481559753,0.44503656029701233,0.7049468159675598,-0.5053867697715759,0.9791603684425354,0.5149718523025513,0.6268332600593567,-0.02661360800266266,0.9999893307685852,0.46306103467941284,0.6299280524253845,0.02682441845536232,0.9995786547660828,0.5019744038581848,0.680237352848053,-0.36345174908638,0.9810540080070496,0.4591434597969055,0.7301548719406128,0.19735108315944672,0.863222599029541,0.49582910537719727,0.8083446621894836,-0.19186840951442719,0.9590973854064941,0.4698789119720459,0.7697973251342773,0.637458324432373,0.3261159360408783
0.48589521646499634,0.4761733114719391,-0.7187291383743286,0.999954104423523,0.5360138416290283,0.49787530303001404,-0.45600971579551697,0.9999868273735046,0.43870535492897034,0.5017696619033813,-0.4081357419490814,0.999901533126831,0.5478776097297668,0.5987349152565002,-0.4543987810611725,0.979925274848938,0.4319647252559662,0.5975980162620544,-0.37418150901794434,0.9957376718521118,0.5523314476013184,0.7001579403877258,-0.5337036848068237,0.8938041925430298,0.44308561086654663,0.6811174154281616,-0.44315305352211,0.9799914360046387,0.5171031355857849,0.6182975172996521,-0.026744022965431213,0.9999886155128479,0.46504682302474976,0.6221516728401184,0.02694196067750454,0.9995440244674683,0.5002533197402954,0.6817466020584106,-0.35729891061782837,0.9825480580329895,0.45689207315444946,0.7308493852615356,0.16797852516174316,0.8702895641326904,0.5002801418304443,0.8090776801109314,-0.18019536137580872,0.9629256129264832,0.47134774923324585,0.7695785164833069,0.5972967147827148,0.3722442388534546
0.48205846548080444,0.4602087438106537,-0.7035535573959351,0.9999545812606812,0.5360860228538513,0.48577556014060974,-0.4461710453033447,0.9999876022338867,0.43797755241394043,0.485931396484375,-0.3829934000968933,0.9999061226844788,0.5485379695892334,0.5891351699829102,-0.44354620575904846,0.9809815883636475,0.4284607470035553,0.5808104872703552,-0.33640316128730774,0.9958279728889465,0.5545022487640381,0.6880480647087097,-0.5230998396873474,0.894463062286377,0.4382116198539734,0.6632459759712219,-0.39956778287887573,0.9803414940834045,0.518156886100769,0.6122648119926453,-0.027724772691726685,0.9999873042106628,0.46508175134658813,0.6167128086090088,0.027880411595106125,0.999503493309021,0.49932870268821716,0.6733534932136536,-0.39343398809432983,0.9837471842765808,0.4541390836238861,0.7282602190971375,0.15314283967018127,0.8770506381988525,0.5002659559249878,0.8070985078811646,-0.20628070831298828,0.9663046598434448,0.4726020395755768,0.767888069152832,0.5907434225082397,0.4115443527698517
0.47965383529663086,0.4448607265949249,-0.6600744724273682,0.9999523758888245,0.5360622406005859,0.47199106216430664,-0.40068086981773376,0.9999881386756897,0.4380320906639099,0.4712638854980469,-0.3572586178779602,0.9999116063117981,0.5486594438552856,0.5726558566093445,-0.38409119844436646,0.9812247157096863,0.42546501755714417,0.5640009641647339,-0.313296914100647,0.9956871867179871,0.5551793575286865,0.6701028943061829,-0.4694194197654724,0.8928188681602478,0.43297648429870605,0.6537582874298096,-0.38159552216529846,0.979762613773346,0.5185179710388184,0.6050224900245667,-0.027036940678954124,0.9999862909317017,0.46559637784957886,0.6093873381614685,0.027099762111902237,0.9994960427284241,0.49941307306289673,0.667904257774353,-0.38767069578170776,0.984646737575531,0.45155858993530273,0.7179352045059204,0.11061297357082367,0.8831957578659058,0.5021845102310181,0.8031126856803894,-0.19937199354171753,0.9691944718360901,0.4736596643924713,0.767689049243927,0.515851616859436,0.4516605734825134
0.4795418381690979,0.42942991852760315,-0.6515576243400574,0.9999540448188782,0.5356682538986206,0.4563184678554535,-0.38656410574913025,0.9999889731407166,0.4380461573600769,0.45735687017440796,-0.35349971055984497,0.9999176263809204,0.5530251264572144,0.55767422914505,-0.3620527386665344,0.9823439121246338,0.42516034841537476,0.5486692786216736,-0.3132251501083374,0.9955199360847473,0.5564435720443726,0.6520684957504272,-0.4496155381202698,0.899077832698822,0.4288136065006256,0.6363139748573303,-0.38953667879104614,0.9798644185066223,0.5184195637702942,0.5994855761528015,-0.021941646933555603,0.9999859929084778,0.4658164083957672,0.6033063530921936,0.02195025607943535,0.9995222687721252,0.49994856119155884,0.6744881272315979,-0.3724064230918884,0.9856657385826111,0.44861388206481934,0.7186802625656128,0.01669471710920334,0.8920997977256775,0.5035146474838257,0.8025137186050415,-0.1730174422264099,0.971762478351593,0.47508153319358826,0.7676527500152588,0.42478451132774353,0.4953257143497467
0.47446727752685547,0.41551440954208374,-0.638178825378418,0.9999537467956543,0.5352648496627808,0.4450038969516754,-0.38707059621810913,0.9999897480010986,0.43806856870651245,0.4450659453868866,-0.32931509613990784,0.9999224543571472,0.554570734500885,0.5445756316184998,-0.36361855268478394,0.983695924282074,0.4225224554538727,0.5333172678947449,-0.27312272787094116,0.9953753352165222,0.5573080778121948,0.6374891996383667,-0.44971784949302673,0.9063068628311157,0.4255513548851013,0.6230081915855408,-0.3452969491481781,0.9799159169197083,0.5179477334022522,0.5913894176483154,-0.02442173659801483,0.9999846816062927,0.46571049094200134,0.5947434902191162,0.0244534220546484,0.9995169639587402,0.5017995238304138,0.6754414439201355,-0.3600594401359558,0.9864155650138855,0.44856905937194824,0.7138355374336243,0.05827338621020317,0.8982285857200623,0.5040559768676758,0.8027154207229614,-0.16636013984680176,0.9740753769874573,0.475863516330719,0.7674666047096252,0.48243850469589233,0.5317867398262024
0.4724489152431488,0.40114307403564453,-0.5956724882125854,0.9999538064002991,0.535162627696991,0.4330886900424957,-0.357743501663208,0.9999904632568359,0.4382537305355072,0.43352556228637695,-0.29297688603401184,0.999927282333374,0.5548614263534546,0.5331936478614807,-0.32884952425956726,0.9848955869674683,0.42167678475379944,0.5226248502731323,-0.22669169306755066,0.9951784610748291,0.5585049390792847,0.6268259286880493,-0.4151865839958191,0.912594199180603,0.4232447147369385,0.6104596257209778,-0.2978748679161072,0.9796547889709473,0.5179020762443542,0.5851555466651917,-0.024116337299346924,0.9999844431877136,0.4658561646938324,0.5878307819366455,0.024169210344552994,0.9995288848876953,0.5059232115745544,0.6783021688461304,-0.35031187534332275,0.9872387647628784,0.44909486174583435,0.7082720398902893,0.07878369092941284,0.9049702882766724,0.5043630599975586,0.8044798374176025,-0.1731511354446411,0.9762539267539978,0.47641634941101074,0.7674251198768616,0.4665250778198242,0.5673025250434875
0.47185587882995605,0.38448458909988403,-0.5833836793899536,0.9999555945396423,0.5349771976470947,0.4216376841068268,-0.35186922550201416,0.9999911189079285,0.43833884596824646,0.4218583405017853,-0.2863966226577759,0.9999324679374695,0.5543484687805176,0.5186150074005127,-0.32810017466545105,0.9860807061195374,0.4215242862701416,0.5114551186561584,-0.2249073088169098,0.994934618473053,0.5594950914382935,0.6138725876808167,-0.4201188087463379,0.9190717935562134,0.42036309838294983,0.5955773591995239,-0.3091357946395874,0.9795428514480591,0.5177472233772278,0.578809916973114,-0.02480374649167061,0.9999841451644897,0.4657253623008728,0.581674337387085,0.024847792461514473,0.999548614025116,0.508459746837616,0.6858280897140503,-0.2568743824958801,0.9881799221038818,0.45089560747146606,0.7102469205856323,0.10478606075048447,0.9121153354644775,0.5049885511398315,0.8055850863456726,-0.08232003450393677,0.97835373878479,0.4775082468986511,0.7685617208480835,0.47839799523353577,0.6007908582687378
0.4715617597103119,0.36915338039398193,-0.5774363875389099,0.9999577403068542,0.5347105860710144,0.41096463799476624,-0.3412674069404602,0.999991774559021,0.4382719099521637,0.4133685827255249,-0.27826401591300964,0.9999346733093262,0.5540565252304077,0.5042273998260498,-0.316893994808197,0.987176239490509,0.4201505780220032,0.5056039094924927,-0.2152804583311081,0.9945970773696899,0.5592306852340698,0.5992332100868225,-0.40789860486984253,0.9252898097038269,0.4174026846885681,0.5902311205863953,-0.29447993636131287,0.9780577421188354,0.5176114439964294,0.5718368291854858,-0.02458760514855385,0.9999842047691345,0.4653300642967224,0.5750088095664978,0.024644814431667328,0.9995649456977844,0.5103031396865845,0.6845160126686096,-0.29362934827804565,0.9889175891876221,0.4534061551094055,0.7040459513664246,0.11799661815166473,0.9172790050506592,0.5051633715629578,0.8053179979324341,-0.13952124118804932,0.9801470041275024,0.4784066081047058,0.7695704102516174,0.47942644357681274,0.6288905143737793
0.4707810878753662,0.3553972840309143,-0.568750262260437,0.9999595284461975,0.5344372987747192,0.40122687816619873,-0.3389703929424286,0.9999921917915344,0.437735378742218,0.40332454442977905,-0.27443253993988037,0.9999351501464844,0.5538603663444519,0.49254220724105835,-0.31359797716140747,0.988176703453064,0.41904187202453613,0.4961155652999878,-0.2090785801410675,0.9940003156661987,0.5588148832321167,0.5864804983139038,-0.39854857325553894,0.9308690428733826,0.4125816226005554,0.5776768326759338,-0.2843268811702728,0.9760916233062744,0.5171372890472412,0.5631410479545593,-0.023979060351848602,0.9999827742576599,0.46434077620506287,0.5658183693885803,0.02401341125369072,0.9995689988136292,0.510848879814148,0.6816752552986145,-0.25104305148124695,0.989566445350647,0.4581975042819977,0.6941697001457214,0.11610297858715057,0.922970712184906,0.5060452222824097,0.8021639585494995,-0.10116163641214371,0.9818092584609985,0.47854477167129517,0.7729586958885193,0.43253403902053833,0.6604474782943726
0.4699881076812744,0.34229928255081177,-0.5106741786003113,0.9999608993530273,0.5339910387992859,0.39125964045524597,-0.3111821413040161,0.9999922513961792,0.43761974573135376,0.3925105035305023,-0.23162898421287537,0.9999359846115112,0.5536673665046692,0.4800817370414734,-0.29200416803359985,0.9890879988670349,0.41933244466781616,0.48624011874198914,-0.1600450873374939,0.9926298260688782,0.5589025020599365,0.5730001926422119,-0.37881582975387573,0.9361646175384521,0.41143912076950073,0.5674751996994019,-0.23909792304039001,0.9742483496665955,0.516535222530365,0.5540289282798767,-0.02442249096930027,0.9999740719795227,0.46406465768814087,0.5566866397857666,0.024446280673146248,0.9995620250701904,0.5114578008651733,0.6765034794807434,-0.13242678344249725,0.9900718331336975,0.46168214082717896,0.6842653751373291,0.10899172723293304,0.9289860725402832,0.5065165162086487,0.7961435914039612,0.022666705772280693,0.9831936955451965,0.4781966209411621,0.7736560702323914,0.36048680543899536,0.6913307309150696
0.4708408713340759,0.3308112919330597,-0.49539709091186523,0.9999619722366333,0.533044695854187,0.38251978158950806,-0.28606319427490234,0.999992311000824,0.43727007508277893,0.38519909977912903,-0.21989789605140686,0.999936044216156,0.5535977482795715,0.4705379605293274,-0.263026624917984,0.9899061322212219,0.4196140766143799,0.4782833755016327,-0.14671823382377625,0.9915289282798767,0.5583463311195374,0.5636647939682007,-0.3593376874923706,0.9413561820983887,0.40917715430259705,0.5574289560317993,-0.2294340431690216,0.9732434749603271,0.5152042508125305,0.5502675175666809,-0.022974681109189987,0.999962568283081,0.4629952311515808,0.5527761578559875,0.022996792569756508,0.9995523691177368,0.5124058127403259,0.6746947765350342,-0.09529092162847519,0.9903478622436523,0.46384620666503906,0.6784353256225586,0.09757203608751297,0.9341610670089722,0.5080598592758179,0.7953169941902161,0.06147674471139908,0.9843118786811829,0.4778802990913391,0.7737092971801758,0.3341997265815735,0.719599187374115
0.4713018536567688,0.31839025020599365,-0.48112019896507263,0.9999630451202393,0.532267689704895,0.37445199489593506,-0.2690819501876831,0.9999920129776001,0.4369885325431824,0.37795108556747437,-0.21393176913261414,0.9999363422393799,0.5534690618515015,0.4620984196662903,-0.23943758010864258,0.9905813932418823,0.41933661699295044,0.4712679088115692,-0.1405448019504547,0.9902947545051575,0.558241069316864,0.5546945929527283,-0.33690133690834045,0.945978045463562,0.4091249406337738,0.5503036379814148,-0.22389383614063263,0.971939742565155,0.5148060321807861,0.5453900098800659,-0.016131533309817314,0.9999430179595947,0.46251025795936584,0.5477729439735413,0.01613941788673401,0.9995448589324951,0.513230562210083,0.6729897856712341,-0.041914816945791245,0.9903783202171326,0.4648101329803467,0.6737678050994873,0.05710817500948906,0.9393705725669861,0.5086305737495422,0.7941984534263611,0.14293400943279266,0.9850909113883972,0.47818559408187866,0.7736614942550659,0.27639299631118774,0.7460224628448486
0.47158074378967285,0.3058021366596222,-0.457322895526886,0.9999651312828064,0.531814455986023,0.36801013350486755,-0.2468709498643875,0.9999920129776001,0.43695348501205444,0.3720773756504059,-0.19167116284370422,0.9999373555183411,0.5529852509498596,0.4565291404724121,-0.22038999199867249,0.991228461265564,0.41934138536453247,0.464396595954895,-0.1155574694275856,0.9896311163902283,0.5579787492752075,0.547490656375885,-0.3275907337665558,0.9503700137138367,0.40963754057884216,0.5432940721511841,-0.2007352113723755,0.9719204306602478,0.514548122882843,0.541923463344574,-0.014328871853649616,0.9999355673789978,0.4621778130531311,0.544732928276062,0.014326611533761024,0.999557375907898,0.51351398229599,0.67085200548172,-0.05843184515833855,0.9907379150390625,0.46622389554977417,0.674233078956604,0.05818852037191391,0.9443806409835815,0.5097132325172424,0.7923722863197327,0.13243839144706726,0.9859964847564697,0.47867637872695923,0.7735856771469116,0.2991334795951843,0.7699243426322937
0.47194117307662964,0.29438838362693787,-0.427700936794281,0.999966561794281,0.5313940644264221,0.36299246549606323,-0.2198704481124878,0.9999909400939941,0.43673259019851685,0.3683605194091797,-0.1750440150499344,0.9999366402626038,0.5525566339492798,0.4517386555671692,-0.19266441464424133,0.9916093945503235,0.41937604546546936,0.4608360528945923,-0.10812445729970932,0.988511860370636,0.5580565333366394,0.5417090654373169,-0.29855066537857056,0.9534907937049866,0.410899817943573,0.5393242239952087,-0.1969134509563446,0.9703423976898193,0.5145466923713684,0.5395972728729248,-0.010967456735670567,0.9999152421951294,0.46216529607772827,0.5427504181861877,0.01097535714507103,0.9995585083961487,0.5161160826683044,0.6667875051498413,-0.04731547459959984,0.9908416867256165,0.4679624140262604,0.6694161891937256,0.024944117292761803,0.9489355683326721,0.5104857683181763,0.7903153896331787,0.14201439917087555,0.9865909814834595,0.47888439893722534,0.7742086052894592,0.23845520615577698,0.7917278409004211
0.4745495915412903,0.2878643572330475,-0.4242933392524719,0.9999657869338989,0.5313707590103149,0.359771728515625,-0.2169794738292694,0.9999892115592957,0.4364156126976013,0.3651896119117737,-0.17890626192092896,0.9999306797981262,0.5522245764732361,0.4472295939922333,-0.18876762688159943,0.991870105266571,0.41908007860183716,0.4586232602596283,-0.11732764542102814,0.9866393804550171,0.5580480694770813,0.5378113389015198,-0.28965359926223755,0.9562398791313171,0.4103378355503082,0.5383548736572266,-0.20271793007850647,0.966396689414978,0.5146695375442505,0.5381114482879639,-0.007581366691738367,0.9998869299888611,0.462167352437973,0.5407590866088867,0.0076010869815945625,0.9995448589324951,0.5169501900672913,0.6633093953132629,-0.02851327322423458,0.9905062913894653,0.46879857778549194,0.6644221544265747,0.00895881000906229,0.952531099319458,0.5105034112930298,0.782253086566925,0.18312592804431915,0.9864544868469238,0.478806734085083,0.7741369009017944,0.22453323006629944,0.810912013053894
0.474642276763916,0.28632932901382446,-0.4065321087837219,0.9999663233757019,0.5314111113548279,0.3564469516277313,-0.20550768077373505,0.9999874830245972,0.4364418089389801,0.36263522505760193,-0.16805125772953033,0.9999291896820068,0.5518898963928223,0.44404715299606323,-0.16906103491783142,0.9921733736991882,0.4192964434623718,0.45463356375694275,-0.10183708369731903,0.9848369359970093,0.5583640933036804,0.5343772768974304,-0.2594352662563324,0.958986759185791,0.4100279211997986,0.5332890748977661,-0.1812821924686432,0.9633157849311829,0.5150409936904907,0.5339474081993103,-0.005253988318145275,0.9998541474342346,0.46246272325515747,0.5366674661636353,0.005260491743683815,0.999542236328125,0.5174545049667358,0.6593111753463745,0.0011974383378401399,0.9898673892021179,0.4697203040122986,0.6605002284049988,0.004206669516861439,0.9559179544448853,0.511238694190979,0.774459183216095,0.2056509256362915,0.9857813715934753,0.4786533713340759,0.7728704214096069,0.21090500056743622,0.8283323645591736
0.47526970505714417,0.2811206877231598,-0.37055304646492004,0.9999682903289795,0.5314398407936096,0.35380563139915466,-0.17480869591236115,0.9999858736991882,0.4367055892944336,0.359619140625,-0.14143048226833344,0.9999300837516785,0.5512346029281616,0.4431999623775482,-0.133097842335701,0.9924203157424927,0.4194490313529968,0.4508790969848633,-0.0772930234670639,0.9838038682937622,0.5585383772850037,0.5306083559989929,-0.22434338927268982,0.9616410136222839,0.4096040725708008,0.5265006422996521,-0.15938149392604828,0.9633250832557678,0.5154021382331848,0.5327856540679932,-0.0061125787906348705,0.9998316168785095,0.462522029876709,0.5358945727348328,0.006098011042922735,0.9995542168617249,0.5183663964271545,0.6569957137107849,0.005379268433898687,0.989847719669342,0.46984848380088806,0.6585207581520081,0.015787895768880844,0.9594093561172485,0.5133184194564819,0.7672526836395264,0.2232072651386261,0.985654354095459,0.47857922315597534,0.7709342241287231,0.2290838658809662,0.8444570899009705
0.47894230484962463,0.27504321932792664,-0.3580625057220459,0.9999703764915466,0.5327455997467041,0.34883272647857666,-0.16951212286949158,0.9999844431877136,0.4411357045173645,0.3548954725265503,-0.13278566300868988,0.9999287128448486,0.5514159798622131,0.4415798783302307,-0.12555696070194244,0.9926337003707886,0.4241654872894287,0.444658100605011,-0.0672188252210617,0.9814310669898987,0.5599792003631592,0.5299254655838013,-0.21021024882793427,0.963982880115509,0.41261690855026245,0.5219812989234924,-0.14843672513961792,0.9615290760993958,0.5161734819412231,0.5262719988822937,-0.007307562045753002,0.9998033046722412,0.4639202952384949,0.5287706255912781,0.007296773139387369,0.9995520710945129,0.5179606676101685,0.6541066765785217,0.01097285095602274,0.990168035030365,0.4723762571811676,0.6521198153495789,0.028677552938461304,0.9627344608306885,0.5188714265823364,0.7617599368095398,0.20602679252624512,0.9862076640129089,0.4785275459289551,0.7706400752067566,0.21576425433158875,0.8591713905334473
0.48154816031455994,0.2698908746242523,-0.2979620397090912,0.999972403049469,0.5355623364448547,0.3468790650367737,-0.1293848752975464,0.9999834299087524,0.44564491510391235,0.3534770607948303,-0.08548876643180847,0.9999287724494934,0.552092432975769,0.439970999956131,-0.0877692773938179,0.9928906559944153,0.42920225858688354,0.44439977407455444,-0.02581644430756569,0.9797869324684143,0.5617029070854187,0.5299655795097351,-0.17060813307762146,0.9664790630340576,0.4201314449310303,0.5207608938217163,-0.10857542604207993,0.961392879486084,0.5176801681518555,0.5273416638374329,-0.008712965063750744,0.9997924566268921,0.4662240445613861,0.5273867845535278,0.008616844192147255,0.9995628595352173,0.518962025642395,0.6557559370994568,0.004068666137754917,0.9905771017074585,0.4739135205745697,0.652044951915741,0.03227534145116806,0.9658450484275818,0.5211909413337708,0.7648312449455261,0.1815308928489685,0.9868792295455933,0.47847723960876465,0.7706372141838074,0.20120938122272491,0.8724842071533203
0.4833356440067291,0.27095022797584534,-0.29777228832244873,0.9999743103981018,0.537887692451477,0.34701791405677795,-0.12995412945747375,0.999982476234436,0.4489942193031311,0.3531866669654846,-0.08894498646259308,0.9999273419380188,0.5536403059959412,0.44044193625450134,-0.0890481248497963,0.9931637644767761,0.4334324300289154,0.4455204904079437,-0.03232442960143089,0.9778467416763306,0.5633782148361206,0.5280725955963135,-0.16747386753559113,0.9688243865966797,0.42615899443626404,0.5233011841773987,-0.10934025049209595,0.9599735736846924,0.5191924571990967,0.5252171158790588,-0.008895463310182095,0.9997762441635132,0.46857699751853943,0.5248239040374756,0.008751624263823032,0.999567985534668,0.5197561979293823,0.6540892720222473,0.005538442637771368,0.990883469581604,0.47512108087539673,0.6499701142311096,0.030150625854730606,0.9686497449874878,0.5218012928962708,0.7627169489860535,0.17376938462257385,0.9874349236488342,0.47843989729881287,0.7686064839363098,0.18920330703258514,0.8844305276870728
